6A7A156ADE12E2A4BE2F8FD957CB423D7F744067,toremovelater_developer_000
25B6800C6BF043474A2AC2CADFA51AB02C874BCC,toremovelater_developer_001
F59A3E311CD1EF6938832CD30B5833E26599CD07,toremovelater_developer_002
430E778DB9EA0FEF0D2948DAEE929C7E89EF4706,toremovelater_developer_003
21301951A50BF31C59894A125360EDE56B2BABA4,toremovelater_developer_004
5E20311EB636C2E6E542893FCF5B69829CF4658D,toremovelater_developer_005
51E8678C4AFC8885585BFC49EAE9BDC381F01983,toremovelater_full_000
A3AF7675B6880F773E50CDE4FBB4EA89804D380E,toremovelater_participant_000
BDD8C2DBD4DFCE02A2C48E5B26CF0611BF1E7ECB,toremovelater_participant_001
62FEB4AA3C8E3BF64750779A04A3F331F0148942,toremovelater_participant_002
85EBD896457C2AAAC9690FAB7B195AD102002D6F,toremovelater_participant_003
586B69C24CBD66C0752B97E42E97CD8092143816,toremovelater_participant_004
E55FB809A43393342C89912BFAF1808EE1BBACB3,toremovelater_participant_005
B13FAD483D45418A87F232604E58EE601BD25578,toremovelater_participant_006
824DC0AA71CE919FDBDB8003C98BF4BB36F757A1,toremovelater_participant_007
0A33774CC5522F57733284836BEFAF3EAB064192,toremovelater_participant_008
5B9D7A79A7F9DE9B8929B916AE45F8E1EDA3572C,toremovelater_participant_009
0972D2B07E7D89BE10DB0A401D798CB1B44ACB13,toremovelater_participant_010
165FDE8FA11E7B7D8E546988ADDBFA02485B6611,toremovelater_participant_011
CC1375063648EECD7FA84E2A905D8DEDE333D931,toremovelater_participant_012
A71BD5F1D685F0D413D488888C2558A7217581CB,toremovelater_participant_013
AE51984A9654689905A57EA504F0DB260F8262BB,toremovelater_participant_014
09FB7F6DB65AAB0F8C2E9056B158CBA3889DCBCC,toremovelater_participant_015
498E3245805B47CD5E4FC29BEE5F0639942832E3,toremovelater_participant_016
E1A7760F71949D0BA519BA2F6C0D1CE74C1AB38A,toremovelater_participant_017
C55727B040E997027FDC677589CE52CA4514EA75,toremovelater_participant_018
A358796E40B754470697CFDABDB034D782D1A1B8,toremovelater_participant_019
0940148AE9B7DF128FEFFB77BE4A97D73E6EAF71,toremovelater_participant_020
B79CC71A93C1AF8C16E4195FD40043F049CB3111,toremovelater_participant_021
208293153AEBCF282A4B6FB6F2664128813E4B27,toremovelater_participant_022
3AF4D6DFCD3F0BEA1ACEE7D19F8911E9A2821A7C,toremovelater_participant_023
9F71E8FF80AA2903E47E51AF512EF79E17AA26FC,toremovelater_participant_024
392E6C2CFA9C225626C8C155593B84FEBE9FBC78,toremovelater_root_000
5FF5F228D378ACABE8D9580AC06195E8C186A37B,toremovelater_root_001
93DF042ABF32A53B88CC8F57CA3D0A5D0C24330E,toremovelater_root_002
5642462EC9F2C663CDF8338CF83CE7415E5D57FA,toremovelater_validator_000
F0E2E189E410731D84F1468E3B5531D3BB332C1C,toremovelater_validator_001
6409A55F017083B1D97BC80525106AC03CFA748C,toremovelater_validator_002
E8AF49CBEB944B54306C6E69B874E350012662B8,toremovelater_validator_003
230990A92B2A73E9EC862E14ECED2CC257DA68F9,toremovelater_validator_004
122F2E832B94B9A5C46C7C3B5B62C6FCA8F6B6E7,toremovelater_validator_005
64F775921E4FFF8420A000D99AF9D87BAF87151C,toremovelater_validator_006
